{
	"info": {
		"_postman_id": "d99ada7a-82cf-4138-aa5f-470a5e5d06ad",
		"name": "news",
		"schema": "https://schema.getpostman.com/json/collection/v2.1.0/collection.json"
	},
	"item": [
		{
			"name": "Authentication",
			"item": [
				{
					"name": "SignIN",
					"event": [
						{
							"listen": "test",
							"script": {
								"id": "c64a0eb5-4e26-45b1-9cf6-4e5d5fd74c52",
								"exec": [
									"pm.test(\"Status code is 200\", function () {",
									"    pm.response.to.have.status(200);",
									"    var jsonData = JSON.parse(responseBody);",
									"    pm.environment.set(\"token\", jsonData.token);",
									"});"
								],
								"type": "text/javascript"
							}
						}
					],
					"request": {
						"method": "POST",
						"header": [
							{
								"key": "Accept",
								"value": "application/json",
								"type": "text"
							}
						],
						"body": {
							"mode": "formdata",
							"formdata": [
								{
									"key": "email",
									"value": "mohamed@test.com",
									"type": "text"
								},
								{
									"key": "password",
									"value": "Ht9sLzVeXn",
									"type": "text"
								}
							]
						},
						"url": {
							"raw": "{{url}}/auth/signin",
							"host": [
								"{{url}}"
							],
							"path": [
								"auth",
								"signin"
							]
						}
					},
					"response": []
				},
				{
					"name": "SignOut",
					"request": {
						"auth": {
							"type": "bearer",
							"bearer": [
								{
									"key": "token",
									"value": "{{token}}",
									"type": "string"
								}
							]
						},
						"method": "POST",
						"header": [
							{
								"key": "Accept",
								"type": "text",
								"value": "application/json"
							}
						],
						"url": {
							"raw": "{{url}}/auth/signout",
							"host": [
								"{{url}}"
							],
							"path": [
								"auth",
								"signout"
							]
						}
					},
					"response": []
				},
				{
					"name": "Me",
					"request": {
						"auth": {
							"type": "bearer",
							"bearer": [
								{
									"key": "token",
									"value": "{{token}}",
									"type": "string"
								}
							]
						},
						"method": "GET",
						"header": [
							{
								"key": "Accept",
								"type": "text",
								"value": "application/json"
							}
						],
						"url": {
							"raw": "{{url}}/auth/me",
							"host": [
								"{{url}}"
							],
							"path": [
								"auth",
								"me"
							]
						}
					},
					"response": []
				},
				{
					"name": "SignUp",
					"request": {
						"method": "POST",
						"header": [
							{
								"key": "Accept",
								"type": "text",
								"value": "application/json"
							}
						],
						"body": {
							"mode": "formdata",
							"formdata": [
								{
									"key": "email",
									"value": "mohamed2@test.com",
									"type": "text"
								},
								{
									"key": "name",
									"value": "Mohamed Ashraf",
									"type": "text"
								},
								{
									"key": "date_of_birth",
									"value": "1995-01-03",
									"type": "text"
								}
							]
						},
						"url": {
							"raw": "{{url}}/auth/signup",
							"host": [
								"{{url}}"
							],
							"path": [
								"auth",
								"signup"
							]
						}
					},
					"response": []
				}
			],
			"protocolProfileBehavior": {}
		},
		{
			"name": "Handle",
			"item": [
				{
					"name": "Index",
					"request": {
						"auth": {
							"type": "bearer",
							"bearer": [
								{
									"key": "token",
									"value": "{{token}}",
									"type": "string"
								}
							]
						},
						"method": "GET",
						"header": [
							{
								"key": "Accept",
								"value": "application/json",
								"type": "text"
							}
						],
						"url": {
							"raw": "{{url}}/news?country=eg&category=business",
							"host": [
								"{{url}}"
							],
							"path": [
								"news"
							],
							"query": [
								{
									"key": "country",
									"value": "eg"
								},
								{
									"key": "category",
									"value": "business"
								}
							]
						}
					},
					"response": []
				}
			],
			"protocolProfileBehavior": {}
		},
		{
			"name": "Favorite",
			"item": [
				{
					"name": "Index",
					"request": {
						"auth": {
							"type": "bearer",
							"bearer": [
								{
									"key": "token",
									"value": "{{token}}",
									"type": "string"
								}
							]
						},
						"method": "GET",
						"header": [],
						"url": {
							"raw": "{{url}}/favorites",
							"host": [
								"{{url}}"
							],
							"path": [
								"favorites"
							]
						}
					},
					"response": []
				},
				{
					"name": "Post",
					"request": {
						"auth": {
							"type": "bearer",
							"bearer": [
								{
									"key": "token",
									"value": "{{token}}",
									"type": "string"
								}
							]
						},
						"method": "POST",
						"header": [],
						"body": {
							"mode": "formdata",
							"formdata": [
								{
									"key": "title",
									"value": "adasd",
									"type": "text"
								},
								{
									"key": "author",
									"value": "asd",
									"type": "text"
								},
								{
									"key": "content",
									"value": "asd",
									"type": "text"
								},
								{
									"key": "url_to_image",
									"value": "asd",
									"type": "text"
								},
								{
									"key": "url",
									"value": "asd",
									"type": "text"
								},
								{
									"key": "published_at",
									"value": "asd",
									"type": "text"
								}
							]
						},
						"url": {
							"raw": "{{url}}/favorites",
							"host": [
								"{{url}}"
							],
							"path": [
								"favorites"
							]
						}
					},
					"response": []
				},
				{
					"name": "Delete",
					"request": {
						"auth": {
							"type": "bearer",
							"bearer": [
								{
									"key": "token",
									"value": "{{token}}",
									"type": "string"
								}
							]
						},
						"method": "POST",
						"header": [
							{
								"key": "Accept",
								"value": "application/json",
								"type": "text"
							}
						],
						"body": {
							"mode": "formdata",
							"formdata": [
								{
									"key": "title",
									"value": "adasd",
									"type": "text"
								}
							]
						},
						"url": {
							"raw": "{{url}}/favorites?_method=delete",
							"host": [
								"{{url}}"
							],
							"path": [
								"favorites"
							],
							"query": [
								{
									"key": "_method",
									"value": "delete"
								}
							]
						}
					},
					"response": []
				}
			],
			"protocolProfileBehavior": {}
		}
	],
	"protocolProfileBehavior": {}
}